id,authors_short,year,title,journal,doi,url,category,data_source,outcome_focus,validation_design,temporal_validation,calibration,verification_status,priority,research_note
S01,Noh et al.,2026,Occupational and socioeconomic predictors of myocardial infarction and coronary heart disease: a machine learning analysis,BMC Public Health,10.1186/s12889-026-27570-3,https://doi.org/10.1186/s12889-026-27570-3,direct_comparator,BRFSS 2023,Prevalent self-reported MI/CHD,2023 held-out 70:30; five-fold CV in training,No 2025 temporal sample reported in examined full text,Calibration reported,Full text examined,Very high,"Closest direct comparator: same survey year, outcome and 433323 source respondents; more predictors and post-diagnosis proxy sensitivity. Do not directly compare AUC as algorithm advantage."
S02,Authors to confirm,2026,Building and validating a machine learning model to predict coronary heart disease risk based on non-invasive indicators,Computer Methods and Programs in Biomedicine,10.1016/j.cmpb.2025.109186,https://doi.org/10.1016/j.cmpb.2025.109186,related_empirical,BRFSS; NHANES,CHD classification labelled as risk prediction by authors,Internal BRFSS split and NHANES external validation,Cross-dataset external (not BRFSS 2023-to-2025 temporal),Not established from abstract,Publisher abstract examined; full text pending,High,Published in volume 275 (February 2026). Different target definitions/feature sets may limit comparison.
S03,"Deng, Lu & Hu",2025,An interpretable LightGBM model for predicting coronary heart disease: Enhancing clinical decision-making with machine learning,PLOS ONE,10.1371/journal.pone.0330377,https://doi.org/10.1371/journal.pone.0330377,related_empirical,BRFSS 2015; Framingham; Z-Alizadeh Sani,CHD across multiple datasets,Cross-dataset validation in authors study,Not BRFSS 2023-to-2025,To verify in full text,Publisher methods and abstract inspected,High,Different dataset construction and patient/survey samples; useful for external transfer comparison.
S04,Liu et al.,2024,Machine learning based prediction models for cardiovascular disease risk using electronic health records data: systematic review and meta-analysis,European Heart Journal - Digital Health,10.1093/ehjdh/ztae080,https://doi.org/10.1093/ehjdh/ztae080,systematic_review,Electronic health records,Prospective medium/long-term CVD risk in reviewed EHR studies,Reviews external/temporal validation practices,Review finds temporal validation uncommon,Reviews calibration,Abstract and methods summary reviewed,High,"Important methodological comparator, but incident EHR outcomes differ from prevalent cross-sectional BRFSS outcomes."
S05,First author/metadata to confirm,2024,Artificial intelligence in the risk prediction models of cardiovascular disease and development of an independent validation screening tool: a systematic review,BMC Medicine,10.1186/s12916-024-03273-7,https://doi.org/10.1186/s12916-024-03273-7,systematic_review,Multiple CVD datasets,Prediction models across heterogeneous populations,Systematic review of development and validation,Independent external validation gap reported in reviewed period,To verify in full text,Publisher abstract reviewed,High,"Search coverage up to July 2021, so do not generalise historical findings to 2026."
S06,Collins et al.,2024,TRIPOD+AI statement: updated guidance for reporting clinical prediction models that use regression or machine learning methods,BMJ,10.1136/bmj-2023-078378,https://doi.org/10.1136/bmj-2023-078378,reporting_guideline,Not applicable,Reporting of diagnostic/prognostic ML models,Checklist for development/evaluation reporting,Not applicable,Reporting checklist includes metrics,Publisher full abstract and checklist scope checked,High,Apply relevant transparency principles with caution: cross-sectional survey classifier is not a clinical risk tool.
S07,Moons et al.,2025,"PROBAST+AI: an updated quality, risk of bias, and applicability assessment tool for prediction models using regression or artificial intelligence methods",BMJ,10.1136/bmj-2024-082505,https://doi.org/10.1136/bmj-2024-082505,risk_of_bias_guideline,Not applicable,Bias and applicability,Separate development and evaluation parts,Not applicable,Not applicable,Publisher abstract reviewed,High,Apply as an appraisal lens; do not claim formal PROBAST rating before conducting it.
S08,Van Calster et al.,2019,Calibration: the Achilles heel of predictive analytics,BMC Medicine,10.1186/s12916-019-1466-7,https://doi.org/10.1186/s12916-019-1466-7,methodological,Prediction models broadly,Model risk/score calibration,Discusses external validation,General discussion,Explicit calibration focus,Full text/abstract reviewed,High,Supports separately discussing calibration and discrimination; not evidence of clinical calibration of current model.
S09,Steyerberg et al.,2010,Assessing the performance of prediction models: a framework for traditional and novel measures,Epidemiology,10.1097/EDE.0b013e3181c30fb2,https://doi.org/10.1097/EDE.0b013e3181c30fb2,methodological,Prediction models broadly,Performance metrics,Internal/external evaluation overview,General discussion,Discrimination and calibration,Abstract verified,Medium,"Foundational support for reporting ROC-AUC, Brier, calibration; not a direct BRFSS comparator."
