metric,2023_test,2025_temporal,change_2025_minus_2023
positive_prevalence,0.08468224720498826,0.08998281957716282,0.0053005723721745585
roc_auc,0.8011506219734624,0.794858981303888,-0.006291640669574439
average_precision,0.24486458384450444,0.24877469339941605,0.003910109554911612
brier_score,0.06968933420070271,0.07381511906055838,0.004125784859855666
accuracy,0.8069537093187791,0.7967087421374718,-0.010244967181307296
precision,0.23398732727689137,0.23577246539964242,0.001785138122751051
sensitivity,0.562798384135145,0.5618076813835327,-0.0009907027516123934
specificity,0.8295421727681984,0.819935841826386,-0.009606330941812402
f1_score,0.33054731733620923,0.3321516531084409,0.0016043357722316798
