dataset,group_variable,group,respondents,positive_cases,positive_prevalence,roc_auc,accuracy,precision,sensitivity,specificity,f1_score,predicted_positive_percent
2023 Held-out Test,PHYSICAL_ACTIVITY_GROUP,Missing,143,26,0.18181818181818182,0.648257725180802,0.6083916083916084,0.265625,0.6538461538461539,0.5982905982905983,0.37777777777777777,44.75524475524475
2023 Held-out Test,PHYSICAL_ACTIVITY_GROUP,No,15892,2102,0.13226780770198843,0.7603836844498385,0.6805940095645607,0.25191858525191857,0.7183634633682208,0.674836838288615,0.3730237154150198,37.71709035992952
2023 Held-out Test,PHYSICAL_ACTIVITY_GROUP,Yes,48276,3318,0.06872980362913249,0.8046248127748246,0.8491382881763195,0.21843488140889078,0.46353224834237494,0.8775968681880867,0.2969398590597548,14.584886900323141
2025 Temporal,PHYSICAL_ACTIVITY_GROUP,Missing,904,138,0.15265486725663716,0.745946380595603,0.6637168141592921,0.27197802197802196,0.717391304347826,0.6540469973890339,0.3944223107569721,40.26548672566372
2025 Temporal,PHYSICAL_ACTIVITY_GROUP,No,80758,11461,0.1419178285742589,0.7466690402619075,0.663265558830085,0.25502164367350755,0.7145100776546549,0.6547902506602017,0.3758835949692463,39.76200500260036
2025 Temporal,PHYSICAL_ACTIVITY_GROUP,Yes,270483,20088,0.07426714433069731,0.7994971333385645,0.836995300998584,0.22110155705321868,0.47361608920748705,0.8661474869705865,0.3014670933806521,15.908578357974438
2023 Held-out Test,SMOKING_GROUP,Current every day,4693,543,0.11570424035797996,0.7501965874547916,0.7191561900703175,0.23657375934738273,0.6408839779005525,0.7293975903614458,0.3455809334657398,31.34455572128702
2023 Held-out Test,SMOKING_GROUP,Current some days,2016,214,0.10615079365079365,0.7897468544815212,0.7891865079365079,0.2769556025369979,0.6121495327102804,0.8102108768035516,0.3813682678311499,23.46230158730159
2023 Held-out Test,SMOKING_GROUP,Former,16729,2139,0.12786179687967003,0.7611010122080838,0.6798971845298584,0.24411203055378738,0.7171575502571295,0.6744345442083619,0.36424076932209426,37.563512463386935
2023 Held-out Test,SMOKING_GROUP,Missing,3457,279,0.08070581428984669,0.7866069595855014,0.8206537460225629,0.220949263502455,0.4838709677419355,0.8502202643171806,0.30337078651685395,17.674284061324848
2023 Held-out Test,SMOKING_GROUP,Never,37416,2271,0.06069595894804362,0.811613940836037,0.8744654693179389,0.21525821596244132,0.40378687802730073,0.9048797837530231,0.2808145766345123,11.385503527902502
2025 Temporal,SMOKING_GROUP,Current every day,23696,3050,0.1287137069547603,0.7407012829857885,0.7018484132343011,0.24514409038974228,0.6331147540983607,0.7120023249055507,0.3534364418413105,33.24189736664416
2025 Temporal,SMOKING_GROUP,Current some days,10285,1120,0.10889645114244045,0.7859755669862054,0.7786096256684492,0.27233372687918145,0.6178571428571429,0.7982542280414621,0.3780387872166075,24.705882352941178
2025 Temporal,SMOKING_GROUP,Former,94895,12677,0.13358975709995258,0.7531435282155248,0.6726276410769798,0.24696590252359854,0.7078961899503037,0.6671896664963877,0.3661810911168238,38.29179619579535
2025 Temporal,SMOKING_GROUP,Missing,20232,1567,0.07745156188216687,0.7952925929604548,0.8173685251087386,0.21851851851851853,0.5271218889597958,0.8417358692740423,0.3089582943706751,18.683274021352315
2025 Temporal,SMOKING_GROUP,Never,203037,13273,0.06537232130104365,0.8052111107349615,0.8646305845732551,0.21541850220264316,0.40525879605213594,0.8967612402773972,0.28130638286745285,12.298251057688994
2023 Held-out Test,BLOOD_PRESSURE_GROUP,Borderline / pre-hypertension,585,32,0.0547008547008547,0.7434448462929475,0.9145299145299145,0.2,0.1875,0.9566003616636528,0.1935483870967742,5.128205128205128
2023 Held-out Test,BLOOD_PRESSURE_GROUP,High blood pressure,26085,4035,0.15468660149511212,0.6940656500518422,0.60299022426682,0.23567784561344818,0.6983890954151177,0.5855328798185941,0.35242621310655325,45.83860456200882
2023 Held-out Test,BLOOD_PRESSURE_GROUP,Missing,237,23,0.0970464135021097,0.6900650142218611,0.7974683544303798,0.12121212121212122,0.17391304347826086,0.8644859813084113,0.14285714285714285,13.924050632911392
2023 Held-out Test,BLOOD_PRESSURE_GROUP,No high blood pressure,36907,1342,0.03636166580865419,0.7984973672813762,0.947299970195356,0.2184873949579832,0.17436661698956782,0.9764656263180093,0.19394944053046,2.901888530631046
2023 Held-out Test,BLOOD_PRESSURE_GROUP,Pregnancy only,497,14,0.028169014084507043,0.8882727003845017,0.9678068410462777,0.375,0.21428571428571427,0.989648033126294,0.2727272727272727,1.6096579476861168
2025 Temporal,BLOOD_PRESSURE_GROUP,Borderline / pre-hypertension,3176,191,0.06013853904282116,0.7465626562130021,0.8948362720403022,0.19831223628691982,0.24607329842931938,0.9363484087102177,0.21962616822429906,7.462216624685139
2025 Temporal,BLOOD_PRESSURE_GROUP,High blood pressure,144771,23107,0.15961069551222276,0.6905815194633378,0.5938274930752706,0.23901440374351102,0.7073614056346562,0.572264597580221,0.35729899881956895,47.236670327620864
2025 Temporal,BLOOD_PRESSURE_GROUP,Missing,4026,397,0.09860904123199205,0.7704921105036187,0.8206656731246895,0.22780569514237856,0.3425692695214106,0.8729677597134197,0.27364185110663986,14.828614008941878
2025 Temporal,BLOOD_PRESSURE_GROUP,No high blood pressure,197387,7890,0.039972237280064035,0.8013043108393696,0.94136898579947,0.2032232070910556,0.15982256020278834,0.9739098772012221,0.17892869811990067,3.1435707518732237
2025 Temporal,BLOOD_PRESSURE_GROUP,Pregnancy only,2785,102,0.03662477558348295,0.8117102599519121,0.9436265709156194,0.16049382716049382,0.12745098039215685,0.9746552366753634,0.14207650273224043,2.9084380610412923
2023 Held-out Test,DIABETES_GROUP,Diabetes,8837,1837,0.20787597600995814,0.6619533011898282,0.48149824601108976,0.26323960669311713,0.8307022318998367,0.38985714285714285,0.39979041131778886,65.59918524386103
2023 Held-out Test,DIABETES_GROUP,Missing,101,11,0.10891089108910891,0.7767676767676768,0.6435643564356436,0.1951219512195122,0.7272727272727273,0.6333333333333333,0.3076923076923077,40.5940594059406
2023 Held-out Test,DIABETES_GROUP,No diabetes,53353,3367,0.06310797893276854,0.7999247095394016,0.8644124978914025,0.21025026225086169,0.4166914166914167,0.8945704797343256,0.27948207171314743,12.507262946788373
2023 Held-out Test,DIABETES_GROUP,Prediabetes,1570,208,0.13248407643312102,0.7138858296622613,0.6700636942675159,0.22321428571428573,0.6009615384615384,0.6806167400881057,0.3255208333333333,35.6687898089172
2023 Held-out Test,DIABETES_GROUP,Pregnancy only,450,23,0.051111111111111114,0.6996741676000408,0.9,0.10714285714285714,0.13043478260869565,0.9414519906323185,0.11764705882352941,6.222222222222222
2025 Temporal,DIABETES_GROUP,Diabetes,50948,10719,0.21039098688859229,0.6602623376542,0.4770550365078119,0.2637949448202207,0.8295549958018472,0.3831315717517214,0.40029711661827266,66.16157650938212
2025 Temporal,DIABETES_GROUP,Missing,583,88,0.1509433962264151,0.6972681359044994,0.6895368782161235,0.26153846153846155,0.5795454545454546,0.7090909090909091,0.36042402826855124,33.44768439108062
2025 Temporal,DIABETES_GROUP,No diabetes,287990,19407,0.06738775651932359,0.794775801631881,0.8566998854126879,0.21170482118366915,0.4136136445612408,0.8887159648972571,0.2800621042164576,13.165734921351435
2025 Temporal,DIABETES_GROUP,Prediabetes,9973,1338,0.13416223804271532,0.7092664816166001,0.6748220194525218,0.22901849217638692,0.601644245142003,0.6861609727851766,0.33175355450236965,35.24516193723052
2025 Temporal,DIABETES_GROUP,Pregnancy only,2651,135,0.05092417955488495,0.7897691809456516,0.9049415314975481,0.15789473684210525,0.2,0.9427662957074722,0.17647058823529413,6.450396076952093
