relative_path,size_bytes
figures\calibration_internal_vs_temporal.png,165360
figures\permutation_importance_cross_year.png,117939
figures\roc_internal_vs_temporal.png,214114
models\brfss_2023_gradient_boosting_locked.joblib,208957
models\brfss_2023_logistic_regression_locked.joblib,4934
provenance\dataset_provenance.csv,534
provenance\dataset_provenance.json,780
provenance\git_provenance.json,80
provenance\research_manifest.json,2149
provenance\saved_model_provenance.csv,312
provenance\software_versions.json,447
provenance\software_versions.txt,366
tables\age_performance.csv,2445
tables\age_temporal_stability.csv,2101
tables\algorithm_comparison.csv,445
tables\bmi_distribution_shift.csv,212
tables\calibration_summary.csv,487
tables\categorical_distribution_shift.csv,344
tables\evaluation_missingness_shift.csv,519
tables\feature_importance.csv,573
tables\final_model_specification.csv,441
tables\manuscript_primary_results.csv,466
tables\missing_count_performance.csv,1457
tables\missingness_performance.csv,1068
tables\performance_change.csv,718
tables\predictor_subgroup_performance.csv,7685
tables\primary_performance.csv,520
tables\survey_weighted_results.csv,584
tables\temporal_stability.csv,437
tables\threshold_robustness.csv,1651
